{
    "loss": 10.075182914733887,
    "accuracy": 0.6078431606292725
}