{
    "loss": 3.047551393508911,
    "accuracy": 0.7254902124404907
}